City,Date,Country,PM2.5,PM10,NO2,SO2,CO,O3,AQI,AQI_Category,Year,Month
Paris,2022-01-01,France,295,304,21,13,1.96,118,289,Poor,2022,1
London,2022-01-02,UK,282,82,99,6,1.28,56,273,Poor,2022,1
Tokyo,2022-01-03,Japan,71,169,64,35,1.25,96,185,Moderate,2022,1
Mumbai,2022-01-04,India,93,173,68,49,1.55,58,169,Moderate,2022,1
Paris,2022-01-05,France,226,175,92,38,1.66,56,228,Poor,2022,1
Dubai,2022-01-06,UAE,196,389,39,16,1.38,93,394,Very Poor,2022,1
New York,2022-01-07,USA,28,68,74,45,0.43,91,76,Satisfactory,2022,1
Paris,2022-01-08,France,186,356,87,37,0.81,27,368,Very Poor,2022,1
Tokyo,2022-01-09,Japan,109,103,34,16,1.87,75,115,Moderate,2022,1
Mumbai,2022-01-10,India,242,380,75,44,0.6,77,384,Very Poor,2022,1
London,2022-01-11,UK,85,196,78,49,0.87,103,185,Moderate,2022,1
Tokyo,2022-01-12,Japan,274,167,67,24,0.98,42,276,Poor,2022,1
Tokyo,2022-01-13,Japan,293,137,32,7,0.99,45,293,Poor,2022,1
New York,2022-01-14,USA,215,361,64,47,1.3,91,361,Very Poor,2022,1
Shanghai,2022-01-15,China,232,82,83,45,1.9,110,224,Poor,2022,1
Mumbai,2022-01-16,India,61,208,98,44,0.63,28,224,Poor,2022,1
Beijing,2022-01-17,China,153,379,41,46,0.42,37,391,Very Poor,2022,1
Tokyo,2022-01-18,Japan,78,68,97,22,0.56,49,81,Satisfactory,2022,1
Shanghai,2022-01-19,China,108,346,26,24,1.8,93,336,Very Poor,2022,1
Beijing,2022-01-20,China,34,276,72,44,1.36,106,272,Poor,2022,1
Mumbai,2022-01-21,India,62,243,24,17,0.71,85,226,Poor,2022,1
Delhi,2022-01-22,India,160,160,72,48,1.67,24,164,Moderate,2022,1
Dubai,2022-01-23,UAE,153,234,95,16,1.75,50,243,Poor,2022,1
Shanghai,2022-01-24,China,66,398,68,26,1.72,48,386,Very Poor,2022,1
Los Angeles,2022-01-25,USA,48,230,21,37,1.85,11,230,Poor,2022,1
Delhi,2022-01-26,India,118,337,16,12,0.65,72,336,Very Poor,2022,1
Dubai,2022-01-27,UAE,190,51,26,16,1.56,38,188,Moderate,2022,1
New York,2022-01-28,USA,51,177,21,5,1.03,114,175,Moderate,2022,1
Paris,2022-01-29,France,195,304,14,22,1.72,83,295,Poor,2022,1
London,2022-01-30,UK,232,324,69,14,1.51,75,340,Very Poor,2022,1
Los Angeles,2022-01-31,USA,131,305,26,23,1.6,60,301,Very Poor,2022,1
New York,2022-02-01,USA,142,163,94,20,1.38,84,179,Moderate,2022,2
Mumbai,2022-02-02,India,172,38,86,35,0.52,86,190,Moderate,2022,2
New York,2022-02-03,USA,224,37,54,15,1.18,19,231,Poor,2022,2
Paris,2022-02-04,France,230,276,18,5,1.97,23,290,Poor,2022,2
Mumbai,2022-02-05,India,244,97,68,49,1.89,91,241,Poor,2022,2
Los Angeles,2022-02-06,USA,155,390,51,47,0.28,60,383,Very Poor,2022,2
Paris,2022-02-07,France,248,194,33,28,0.5,82,262,Poor,2022,2
Beijing,2022-02-08,China,85,213,80,30,0.44,48,199,Moderate,2022,2
London,2022-02-09,UK,18,132,40,48,1.51,37,124,Moderate,2022,2
Los Angeles,2022-02-10,USA,83,133,56,29,1.67,12,130,Moderate,2022,2
Beijing,2022-02-11,China,262,241,80,36,0.58,93,278,Poor,2022,2
Dubai,2022-02-12,UAE,239,185,11,9,1.11,79,231,Poor,2022,2
Los Angeles,2022-02-13,USA,16,338,33,17,1.71,36,353,Very Poor,2022,2
Dubai,2022-02-14,UAE,183,151,15,43,1.52,11,193,Moderate,2022,2
Mumbai,2022-02-15,India,150,283,37,37,1.18,102,264,Poor,2022,2
Beijing,2022-02-16,China,177,74,10,31,1.26,47,172,Moderate,2022,2
London,2022-02-17,UK,179,378,83,19,1.12,12,366,Very Poor,2022,2
Paris,2022-02-18,France,292,150,36,3,0.74,25,280,Poor,2022,2
Tokyo,2022-02-19,Japan,131,307,55,14,1.22,103,324,Very Poor,2022,2
New York,2022-02-20,USA,203,285,79,5,1.44,49,275,Poor,2022,2
Delhi,2022-02-21,India,14,385,62,27,1.77,11,386,Very Poor,2022,2
London,2022-02-22,UK,38,181,91,26,1.35,90,193,Moderate,2022,2
Beijing,2022-02-23,China,174,399,30,31,1.57,50,414,Severe,2022,2
Tokyo,2022-02-24,Japan,145,106,50,12,0.49,21,147,Moderate,2022,2
London,2022-02-25,UK,154,74,33,8,1.03,44,167,Moderate,2022,2
Beijing,2022-02-26,China,226,307,8,32,0.22,116,295,Poor,2022,2
Shanghai,2022-02-27,China,141,197,85,45,0.64,74,200,Moderate,2022,2
Shanghai,2022-02-28,China,79,368,17,11,1.51,64,355,Very Poor,2022,2
Dubai,2022-03-01,UAE,261,27,43,40,1.99,54,247,Poor,2022,3
London,2022-03-02,UK,284,340,19,14,0.38,88,355,Very Poor,2022,3
Shanghai,2022-03-03,China,191,332,33,32,0.92,99,329,Very Poor,2022,3
Beijing,2022-03-04,China,176,266,33,8,1.64,110,248,Poor,2022,3
Dubai,2022-03-05,UAE,100,342,79,43,0.57,94,349,Very Poor,2022,3
Beijing,2022-03-06,China,211,274,36,43,1.2,71,259,Poor,2022,3
Dubai,2022-03-07,UAE,28,347,6,37,1.52,58,347,Very Poor,2022,3
London,2022-03-08,UK,48,73,51,21,1.31,104,80,Satisfactory,2022,3
Tokyo,2022-03-09,Japan,135,268,82,5,0.54,34,287,Poor,2022,3
Paris,2022-03-10,France,182,258,88,8,0.84,32,238,Poor,2022,3
Los Angeles,2022-03-11,USA,150,248,26,2,1.61,33,263,Poor,2022,3
Tokyo,2022-03-12,Japan,251,86,79,45,1.2,47,251,Poor,2022,3
Mumbai,2022-03-13,India,229,70,31,46,0.21,37,243,Poor,2022,3
Beijing,2022-03-14,China,135,116,71,43,1.57,30,127,Moderate,2022,3
Mumbai,2022-03-15,India,67,111,85,48,0.26,63,100,Satisfactory,2022,3
Tokyo,2022-03-16,Japan,157,283,60,14,1.54,116,272,Poor,2022,3
Dubai,2022-03-17,UAE,10,310,96,23,0.56,27,302,Very Poor,2022,3
Los Angeles,2022-03-18,USA,199,115,97,22,1.92,45,215,Poor,2022,3
Los Angeles,2022-03-19,USA,200,107,25,23,0.86,108,217,Poor,2022,3
Delhi,2022-03-20,India,126,97,51,29,0.79,54,129,Moderate,2022,3
Los Angeles,2022-03-21,USA,143,307,84,10,0.47,82,288,Poor,2022,3
Paris,2022-03-22,France,67,139,63,27,0.75,62,140,Moderate,2022,3
Los Angeles,2022-03-23,USA,53,321,88,10,1.78,111,317,Very Poor,2022,3
Tokyo,2022-03-24,Japan,182,184,10,16,1.99,39,199,Moderate,2022,3
Delhi,2022-03-25,India,169,201,23,11,0.86,69,194,Moderate,2022,3
Tokyo,2022-03-26,Japan,182,242,61,25,1.01,117,231,Poor,2022,3
Tokyo,2022-03-27,Japan,158,330,73,43,1.5,107,344,Very Poor,2022,3
New York,2022-03-28,USA,89,26,7,9,1.8,41,93,Satisfactory,2022,3
Delhi,2022-03-29,India,222,349,5,25,1.27,76,331,Very Poor,2022,3
Tokyo,2022-03-30,Japan,212,282,62,17,0.9,76,299,Poor,2022,3
New York,2022-03-31,USA,261,180,42,27,0.94,37,257,Poor,2022,3
New York,2022-04-01,USA,238,170,19,28,1.45,53,229,Poor,2022,4
Delhi,2022-04-02,India,173,104,38,38,0.21,88,176,Moderate,2022,4
Mumbai,2022-04-03,India,236,166,65,5,1.32,50,244,Poor,2022,4
Dubai,2022-04-04,UAE,156,131,39,25,0.84,72,160,Moderate,2022,4
Paris,2022-04-05,France,29,55,68,20,1.63,32,70,Satisfactory,2022,4
Dubai,2022-04-06,UAE,56,304,29,37,0.37,113,309,Very Poor,2022,4
Los Angeles,2022-04-07,USA,242,207,28,40,1.26,84,259,Poor,2022,4
Paris,2022-04-08,France,23,101,16,11,1.07,57,81,Satisfactory,2022,4
Los Angeles,2022-04-09,USA,152,21,22,26,1.36,41,151,Moderate,2022,4
Tokyo,2022-04-10,Japan,10,322,19,19,0.32,66,329,Very Poor,2022,4
Beijing,2022-04-11,China,63,216,84,20,1.24,109,211,Poor,2022,4
Delhi,2022-04-12,India,268,30,31,37,1.21,42,264,Poor,2022,4
Paris,2022-04-13,France,153,253,76,11,1.21,33,272,Poor,2022,4
Paris,2022-04-14,France,21,214,64,34,1.29,48,221,Poor,2022,4
Tokyo,2022-04-15,Japan,233,138,50,6,1.42,43,224,Poor,2022,4
Mumbai,2022-04-16,India,281,39,93,48,1.65,65,287,Poor,2022,4
New York,2022-04-17,USA,165,280,21,36,0.69,37,289,Poor,2022,4
Tokyo,2022-04-18,Japan,17,312,97,45,1.69,46,325,Very Poor,2022,4
Shanghai,2022-04-19,China,131,275,57,35,1.1,16,291,Poor,2022,4
New York,2022-04-20,USA,173,241,12,34,0.34,77,226,Poor,2022,4
Delhi,2022-04-21,India,99,245,83,22,0.31,46,231,Poor,2022,4
New York,2022-04-22,USA,145,72,31,18,0.8,65,156,Moderate,2022,4
Mumbai,2022-04-23,India,195,374,50,23,1.61,74,385,Very Poor,2022,4
New York,2022-04-24,USA,187,361,54,49,1.47,74,365,Very Poor,2022,4
Delhi,2022-04-25,India,37,383,75,38,1.62,56,395,Very Poor,2022,4
Mumbai,2022-04-26,India,229,299,7,16,1.13,29,285,Poor,2022,4
Dubai,2022-04-27,UAE,50,100,97,36,0.99,28,91,Satisfactory,2022,4
Paris,2022-04-28,France,237,221,68,29,0.47,38,232,Poor,2022,4
Paris,2022-04-29,France,201,177,48,8,0.79,83,196,Moderate,2022,4
Los Angeles,2022-04-30,USA,154,139,57,33,0.98,69,169,Moderate,2022,4
Dubai,2022-05-01,UAE,210,78,28,12,0.36,27,202,Poor,2022,5
Dubai,2022-05-02,UAE,221,234,64,11,0.6,101,220,Poor,2022,5
New York,2022-05-03,USA,229,147,7,10,1.28,44,244,Poor,2022,5
Paris,2022-05-04,France,249,243,24,15,1.52,52,237,Poor,2022,5
Delhi,2022-05-05,India,55,228,50,14,2.0,104,239,Poor,2022,5
London,2022-05-06,UK,44,389,19,26,1.88,100,379,Very Poor,2022,5
London,2022-05-07,UK,262,134,29,3,1.36,20,249,Poor,2022,5
Mumbai,2022-05-08,India,91,228,98,36,0.96,58,240,Poor,2022,5
Paris,2022-05-09,France,265,33,82,8,1.35,47,267,Poor,2022,5
Paris,2022-05-10,France,206,28,75,22,1.61,73,210,Poor,2022,5
London,2022-05-11,UK,19,59,21,19,0.41,78,46,Good,2022,5
Paris,2022-05-12,France,295,256,88,4,0.94,17,296,Poor,2022,5
New York,2022-05-13,USA,251,300,13,43,1.71,43,283,Poor,2022,5
Shanghai,2022-05-14,China,260,378,42,40,0.89,57,397,Very Poor,2022,5
Beijing,2022-05-15,China,14,220,52,42,1.23,65,202,Poor,2022,5
Dubai,2022-05-16,UAE,128,265,64,12,1.26,85,273,Poor,2022,5
Los Angeles,2022-05-17,USA,298,297,67,40,0.53,111,306,Very Poor,2022,5
Mumbai,2022-05-18,India,74,254,90,25,0.85,74,267,Poor,2022,5
Shanghai,2022-05-19,China,155,23,6,47,0.8,40,168,Moderate,2022,5
London,2022-05-20,UK,233,173,92,20,0.25,13,240,Poor,2022,5
Dubai,2022-05-21,UAE,248,48,76,5,0.24,118,240,Poor,2022,5
Paris,2022-05-22,France,186,128,15,27,1.7,59,180,Moderate,2022,5
Los Angeles,2022-05-23,USA,276,117,68,39,0.69,78,278,Poor,2022,5
Paris,2022-05-24,France,291,234,81,43,1.13,39,296,Poor,2022,5
Delhi,2022-05-25,India,72,312,85,33,0.74,97,295,Poor,2022,5
Delhi,2022-05-26,India,226,94,76,40,1.89,68,231,Poor,2022,5
Los Angeles,2022-05-27,USA,292,345,25,46,0.67,76,364,Very Poor,2022,5
Los Angeles,2022-05-28,USA,186,165,22,47,0.97,84,174,Moderate,2022,5
London,2022-05-29,UK,107,147,98,37,1.77,54,131,Moderate,2022,5
Los Angeles,2022-05-30,USA,114,360,68,41,1.72,13,371,Very Poor,2022,5
New York,2022-05-31,USA,108,61,86,38,0.53,35,107,Moderate,2022,5
Paris,2022-06-01,France,15,375,99,34,1.64,36,365,Very Poor,2022,6
Shanghai,2022-06-02,China,206,60,42,37,1.02,55,200,Moderate,2022,6
Tokyo,2022-06-03,Japan,142,53,36,4,1.07,116,153,Moderate,2022,6
Los Angeles,2022-06-04,USA,268,36,15,10,0.44,73,275,Poor,2022,6
Mumbai,2022-06-05,India,32,184,49,9,0.35,100,185,Moderate,2022,6
Delhi,2022-06-06,India,62,172,93,34,1.51,115,168,Moderate,2022,6
New York,2022-06-07,USA,174,397,37,7,1.09,60,402,Severe,2022,6
Dubai,2022-06-08,UAE,211,95,45,42,0.99,59,197,Moderate,2022,6
Tokyo,2022-06-09,Japan,92,106,12,40,1.51,15,111,Moderate,2022,6
Shanghai,2022-06-10,China,154,136,15,5,1.58,68,158,Moderate,2022,6
Tokyo,2022-06-11,Japan,94,381,90,14,0.49,24,370,Very Poor,2022,6
Los Angeles,2022-06-12,USA,87,361,55,3,1.3,39,359,Very Poor,2022,6
London,2022-06-13,UK,10,46,92,6,0.44,51,36,Good,2022,6
Delhi,2022-06-14,India,60,332,45,45,1.55,110,324,Very Poor,2022,6
Delhi,2022-06-15,India,182,306,21,28,1.38,46,293,Poor,2022,6
Dubai,2022-06-16,UAE,214,153,80,33,1.92,51,233,Poor,2022,6
London,2022-06-17,UK,269,238,50,22,0.32,110,252,Poor,2022,6
Paris,2022-06-18,France,297,187,36,9,0.3,44,307,Very Poor,2022,6
Beijing,2022-06-19,China,43,117,83,39,0.71,96,124,Moderate,2022,6
New York,2022-06-20,USA,104,287,84,9,0.67,15,277,Poor,2022,6
Delhi,2022-06-21,India,81,256,58,4,0.64,77,236,Poor,2022,6
Mumbai,2022-06-22,India,48,328,90,45,1.83,27,345,Very Poor,2022,6
Delhi,2022-06-23,India,163,192,96,4,0.65,82,195,Moderate,2022,6
Tokyo,2022-06-24,Japan,259,209,24,23,0.69,38,269,Poor,2022,6
Delhi,2022-06-25,India,171,141,37,7,1.57,86,176,Moderate,2022,6
Delhi,2022-06-26,India,127,65,78,3,1.01,68,111,Moderate,2022,6
Beijing,2022-06-27,China,268,83,44,24,1.6,56,267,Poor,2022,6
Beijing,2022-06-28,China,277,149,36,45,0.32,26,267,Poor,2022,6
Shanghai,2022-06-29,China,63,329,6,3,1.08,118,341,Very Poor,2022,6
Paris,2022-06-30,France,245,382,37,39,0.26,105,399,Very Poor,2022,6
Mumbai,2022-07-01,India,231,212,81,18,0.31,31,237,Poor,2022,7
Delhi,2022-07-02,India,260,326,34,36,1.83,77,339,Very Poor,2022,7
Delhi,2022-07-03,India,121,200,37,35,0.45,78,194,Moderate,2022,7
New York,2022-07-04,USA,264,311,81,24,1.16,46,322,Very Poor,2022,7
Beijing,2022-07-05,China,216,390,30,31,0.94,114,390,Very Poor,2022,7
Mumbai,2022-07-06,India,238,301,26,9,0.83,58,285,Poor,2022,7
Dubai,2022-07-07,UAE,75,48,70,23,1.82,22,60,Satisfactory,2022,7
Shanghai,2022-07-08,China,84,168,42,45,0.24,43,185,Moderate,2022,7
Paris,2022-07-09,France,112,286,94,37,1.39,118,287,Poor,2022,7
London,2022-07-10,UK,201,315,50,6,1.93,95,312,Very Poor,2022,7
Paris,2022-07-11,France,261,30,19,14,1.21,62,254,Poor,2022,7
Tokyo,2022-07-12,Japan,235,183,48,30,1.89,96,224,Poor,2022,7
Delhi,2022-07-13,India,107,132,53,32,0.29,60,124,Moderate,2022,7
Shanghai,2022-07-14,China,295,206,79,48,0.95,12,305,Very Poor,2022,7
Tokyo,2022-07-15,Japan,258,314,65,17,0.67,51,323,Very Poor,2022,7
Mumbai,2022-07-16,India,175,251,71,43,1.52,107,233,Poor,2022,7
London,2022-07-17,UK,39,246,10,31,1.97,41,255,Poor,2022,7
Beijing,2022-07-18,China,256,329,13,17,0.66,118,314,Very Poor,2022,7
Shanghai,2022-07-19,China,115,117,10,13,1.38,60,125,Moderate,2022,7
Shanghai,2022-07-20,China,60,74,77,18,0.56,94,61,Satisfactory,2022,7
Delhi,2022-07-21,India,90,130,99,17,1.22,55,142,Moderate,2022,7
Los Angeles,2022-07-22,USA,142,171,36,13,1.04,117,167,Moderate,2022,7
Shanghai,2022-07-23,China,294,265,45,9,1.95,30,284,Poor,2022,7
New York,2022-07-24,USA,147,88,80,21,1.3,53,139,Moderate,2022,7
London,2022-07-25,UK,193,331,12,4,0.83,20,321,Very Poor,2022,7
London,2022-07-26,UK,282,308,76,17,0.41,112,318,Very Poor,2022,7
New York,2022-07-27,USA,78,269,54,31,0.47,77,276,Poor,2022,7
Dubai,2022-07-28,UAE,43,55,96,46,0.61,10,40,Good,2022,7
New York,2022-07-29,USA,271,258,66,24,0.65,101,266,Poor,2022,7
New York,2022-07-30,USA,62,167,88,29,1.73,72,150,Moderate,2022,7
London,2022-07-31,UK,214,246,66,41,1.21,33,260,Poor,2022,7
Paris,2022-08-01,France,135,263,11,6,1.14,108,268,Poor,2022,8
London,2022-08-02,UK,244,356,79,21,0.41,22,347,Very Poor,2022,8
Los Angeles,2022-08-03,USA,52,384,88,41,1.75,107,374,Very Poor,2022,8
Delhi,2022-08-04,India,249,220,84,45,1.5,20,265,Poor,2022,8
Tokyo,2022-08-05,Japan,120,173,8,2,0.32,109,177,Moderate,2022,8
Paris,2022-08-06,France,258,92,10,31,1.47,60,255,Poor,2022,8
Beijing,2022-08-07,China,160,220,62,22,1.18,26,218,Poor,2022,8
Tokyo,2022-08-08,Japan,192,315,26,21,0.35,108,317,Very Poor,2022,8
Delhi,2022-08-09,India,104,36,30,7,1.02,91,121,Moderate,2022,8
Los Angeles,2022-08-10,USA,17,148,7,23,1.07,113,145,Moderate,2022,8
Los Angeles,2022-08-11,USA,193,236,45,19,0.5,95,241,Poor,2022,8
Beijing,2022-08-12,China,290,80,64,9,1.9,33,275,Poor,2022,8
Paris,2022-08-13,France,204,123,18,40,1.73,28,187,Moderate,2022,8
Dubai,2022-08-14,UAE,204,61,79,33,1.4,46,212,Poor,2022,8
New York,2022-08-15,USA,164,44,86,34,1.03,112,177,Moderate,2022,8
Paris,2022-08-16,France,102,58,16,17,0.94,94,98,Satisfactory,2022,8
Dubai,2022-08-17,UAE,169,310,91,13,1.37,17,305,Very Poor,2022,8
Los Angeles,2022-08-18,USA,70,150,16,39,1.18,37,131,Moderate,2022,8
London,2022-08-19,UK,131,248,17,35,0.31,14,261,Poor,2022,8
Delhi,2022-08-20,India,60,127,29,15,1.12,26,114,Moderate,2022,8
Beijing,2022-08-21,China,286,191,49,37,1.65,110,278,Poor,2022,8
Delhi,2022-08-22,India,14,121,23,34,1.03,45,108,Moderate,2022,8
Mumbai,2022-08-23,India,101,373,59,24,0.29,28,382,Very Poor,2022,8
Mumbai,2022-08-24,India,179,31,49,46,1.62,73,190,Moderate,2022,8
Paris,2022-08-25,France,31,294,12,3,0.56,100,309,Very Poor,2022,8
Los Angeles,2022-08-26,USA,10,120,97,42,0.67,107,129,Moderate,2022,8
Los Angeles,2022-08-27,USA,142,63,57,22,0.5,20,122,Moderate,2022,8
New York,2022-08-28,USA,242,324,59,3,0.79,63,342,Very Poor,2022,8
New York,2022-08-29,USA,21,36,36,28,1.56,54,32,Good,2022,8
New York,2022-08-30,USA,55,349,55,10,1.13,56,348,Very Poor,2022,8
London,2022-08-31,UK,43,76,48,2,0.57,21,79,Satisfactory,2022,8
Tokyo,2022-09-01,Japan,87,330,86,12,1.78,30,331,Very Poor,2022,9
Shanghai,2022-09-02,China,227,322,74,4,1.78,20,330,Very Poor,2022,9
Tokyo,2022-09-03,Japan,82,31,22,24,1.77,112,83,Satisfactory,2022,9
Delhi,2022-09-04,India,291,337,87,27,0.63,101,325,Very Poor,2022,9
Tokyo,2022-09-05,Japan,258,99,26,5,1.01,14,274,Poor,2022,9
London,2022-09-06,UK,56,235,41,19,1.97,90,224,Poor,2022,9
Delhi,2022-09-07,India,130,358,60,7,1.59,65,373,Very Poor,2022,9
Tokyo,2022-09-08,Japan,223,283,63,36,0.25,29,299,Poor,2022,9
London,2022-09-09,UK,248,168,7,23,0.32,50,255,Poor,2022,9
Shanghai,2022-09-10,China,65,100,32,44,1.04,55,107,Moderate,2022,9
Tokyo,2022-09-11,Japan,116,234,78,16,1.84,21,234,Poor,2022,9
London,2022-09-12,UK,57,393,39,23,1.17,79,396,Very Poor,2022,9
New York,2022-09-13,USA,70,217,65,38,1.1,26,236,Poor,2022,9
Los Angeles,2022-09-14,USA,35,219,97,43,0.39,28,200,Moderate,2022,9
New York,2022-09-15,USA,266,44,58,13,1.38,35,253,Poor,2022,9
Los Angeles,2022-09-16,USA,17,108,67,48,1.68,57,114,Moderate,2022,9
Beijing,2022-09-17,China,122,287,83,43,0.88,117,288,Poor,2022,9
Beijing,2022-09-18,China,262,162,11,39,1.6,117,278,Poor,2022,9
Beijing,2022-09-19,China,189,78,80,19,1.94,61,195,Moderate,2022,9
Shanghai,2022-09-20,China,216,384,53,46,0.57,105,392,Very Poor,2022,9
New York,2022-09-21,USA,136,45,98,36,1.14,79,118,Moderate,2022,9
Los Angeles,2022-09-22,USA,65,66,89,31,0.72,64,58,Satisfactory,2022,9
London,2022-09-23,UK,223,307,35,25,1.63,109,296,Poor,2022,9
Delhi,2022-09-24,India,23,285,62,43,1.24,111,300,Poor,2022,9
London,2022-09-25,UK,37,35,65,31,1.34,84,25,Good,2022,9
Delhi,2022-09-26,India,87,218,28,15,1.64,42,224,Poor,2022,9
Mumbai,2022-09-27,India,225,301,24,7,0.91,71,314,Very Poor,2022,9
London,2022-09-28,UK,163,105,41,4,1.85,97,143,Moderate,2022,9
Tokyo,2022-09-29,Japan,23,269,8,17,1.16,32,280,Poor,2022,9
Tokyo,2022-09-30,Japan,196,289,96,8,0.48,24,293,Poor,2022,9
Paris,2022-10-01,France,16,354,24,15,1.45,36,362,Very Poor,2022,10
New York,2022-10-02,USA,12,136,64,10,1.63,84,122,Moderate,2022,10
Delhi,2022-10-03,India,120,26,28,16,0.77,73,102,Moderate,2022,10
Delhi,2022-10-04,India,247,156,54,22,1.74,90,246,Poor,2022,10
New York,2022-10-05,USA,248,390,53,36,1.83,60,389,Very Poor,2022,10
Shanghai,2022-10-06,China,283,195,55,3,0.7,62,292,Poor,2022,10
Paris,2022-10-07,France,236,347,40,28,1.97,87,361,Very Poor,2022,10
Shanghai,2022-10-08,China,24,334,70,3,0.45,100,348,Very Poor,2022,10
Shanghai,2022-10-09,China,201,234,83,36,0.56,91,252,Poor,2022,10
Shanghai,2022-10-10,China,128,101,38,19,0.53,101,134,Moderate,2022,10
New York,2022-10-11,USA,37,242,40,15,1.81,60,247,Poor,2022,10
Shanghai,2022-10-12,China,211,391,10,21,1.38,56,384,Very Poor,2022,10
Tokyo,2022-10-13,Japan,48,122,43,19,0.47,13,118,Moderate,2022,10
Beijing,2022-10-14,China,282,292,46,11,0.99,16,289,Poor,2022,10
Mumbai,2022-10-15,India,240,33,62,26,1.31,118,248,Poor,2022,10
Delhi,2022-10-16,India,95,178,16,3,0.35,44,177,Moderate,2022,10
Delhi,2022-10-17,India,135,171,7,26,1.79,57,177,Moderate,2022,10
Mumbai,2022-10-18,India,34,127,22,34,1.65,82,124,Moderate,2022,10
New York,2022-10-19,USA,154,207,44,37,1.11,81,190,Moderate,2022,10
London,2022-10-20,UK,22,320,25,32,1.94,54,300,Poor,2022,10
New York,2022-10-21,USA,221,117,19,15,0.95,90,201,Poor,2022,10
Delhi,2022-10-22,India,34,150,30,2,1.97,90,155,Moderate,2022,10
Delhi,2022-10-23,India,77,312,12,47,1.4,106,311,Very Poor,2022,10
Mumbai,2022-10-24,India,76,190,98,17,1.34,105,192,Moderate,2022,10
Shanghai,2022-10-25,China,242,202,91,47,0.5,81,231,Poor,2022,10
New York,2022-10-26,USA,118,383,46,4,1.79,28,373,Very Poor,2022,10
Los Angeles,2022-10-27,USA,155,58,48,36,0.97,72,139,Moderate,2022,10
Mumbai,2022-10-28,India,120,34,18,42,0.49,47,100,Satisfactory,2022,10
Tokyo,2022-10-29,Japan,237,395,82,7,0.22,76,391,Very Poor,2022,10
Delhi,2022-10-30,India,120,23,6,26,1.21,68,121,Moderate,2022,10
Mumbai,2022-10-31,India,43,368,41,14,1.15,78,381,Very Poor,2022,10
New York,2022-11-01,USA,120,229,73,35,1.49,22,237,Poor,2022,11
Delhi,2022-11-02,India,273,180,42,9,1.8,56,256,Poor,2022,11
London,2022-11-03,UK,245,35,45,22,0.34,119,229,Poor,2022,11
Mumbai,2022-11-04,India,92,127,66,35,1.52,70,117,Moderate,2022,11
Paris,2022-11-05,France,51,330,64,5,0.54,40,330,Very Poor,2022,11
Delhi,2022-11-06,India,110,246,18,26,1.74,89,260,Poor,2022,11
New York,2022-11-07,USA,15,189,93,16,1.67,105,180,Moderate,2022,11
Beijing,2022-11-08,China,189,53,88,5,1.17,31,194,Moderate,2022,11
Los Angeles,2022-11-09,USA,291,270,6,46,1.48,102,289,Poor,2022,11
Dubai,2022-11-10,UAE,235,266,74,13,0.77,95,252,Poor,2022,11
Shanghai,2022-11-11,China,238,288,21,33,1.05,52,274,Poor,2022,11
Dubai,2022-11-12,UAE,298,160,93,33,1.68,76,303,Very Poor,2022,11
New York,2022-11-13,USA,159,293,32,29,1.03,63,312,Very Poor,2022,11
Tokyo,2022-11-14,Japan,286,115,70,14,0.84,19,270,Poor,2022,11
Tokyo,2022-11-15,Japan,207,246,39,32,1.09,51,246,Poor,2022,11
Beijing,2022-11-16,China,79,398,9,15,1.69,73,391,Very Poor,2022,11
Shanghai,2022-11-17,China,121,58,69,21,0.8,30,104,Moderate,2022,11
Paris,2022-11-18,France,13,321,44,19,0.51,89,323,Very Poor,2022,11
Beijing,2022-11-19,China,104,48,80,30,1.48,85,103,Moderate,2022,11
Dubai,2022-11-20,UAE,161,337,60,7,1.69,75,331,Very Poor,2022,11
Beijing,2022-11-21,China,146,264,40,33,0.38,50,272,Poor,2022,11
Dubai,2022-11-22,UAE,256,255,49,30,0.63,33,243,Poor,2022,11
Delhi,2022-11-23,India,252,204,27,44,0.46,44,250,Poor,2022,11
Tokyo,2022-11-24,Japan,40,291,51,3,0.83,65,309,Very Poor,2022,11
Delhi,2022-11-25,India,49,255,35,24,1.01,39,262,Poor,2022,11
Los Angeles,2022-11-26,USA,238,258,15,20,1.55,66,264,Poor,2022,11
Shanghai,2022-11-27,China,45,396,14,32,1.37,103,379,Very Poor,2022,11
Paris,2022-11-28,France,232,285,71,6,1.32,56,279,Poor,2022,11
Dubai,2022-11-29,UAE,15,378,18,20,0.83,44,392,Very Poor,2022,11
Paris,2022-11-30,France,229,359,84,35,1.71,28,375,Very Poor,2022,11
Dubai,2022-12-01,UAE,84,84,78,11,1.05,17,64,Satisfactory,2022,12
New York,2022-12-02,USA,13,196,97,26,1.96,35,178,Moderate,2022,12
Beijing,2022-12-03,China,143,22,14,3,1.34,113,146,Moderate,2022,12
Los Angeles,2022-12-04,USA,127,161,80,12,0.43,80,167,Moderate,2022,12
Tokyo,2022-12-05,Japan,103,395,98,32,1.42,39,414,Severe,2022,12
Dubai,2022-12-06,UAE,71,177,5,16,0.79,16,192,Moderate,2022,12
Paris,2022-12-07,France,203,343,9,10,1.44,76,356,Very Poor,2022,12
Los Angeles,2022-12-08,USA,212,165,24,24,0.33,74,220,Poor,2022,12
London,2022-12-09,UK,35,312,12,20,0.51,45,315,Very Poor,2022,12
London,2022-12-10,UK,182,172,47,10,1.74,34,185,Moderate,2022,12
Delhi,2022-12-11,India,142,212,80,36,0.61,46,195,Moderate,2022,12
Tokyo,2022-12-12,Japan,127,92,5,22,1.71,10,109,Moderate,2022,12
New York,2022-12-13,USA,284,324,61,10,0.7,24,337,Very Poor,2022,12
Paris,2022-12-14,France,221,396,68,29,1.36,46,398,Very Poor,2022,12
Beijing,2022-12-15,China,234,363,88,47,1.45,22,365,Very Poor,2022,12
Beijing,2022-12-16,China,29,159,32,8,1.12,113,143,Moderate,2022,12
Paris,2022-12-17,France,122,206,41,17,0.75,17,216,Poor,2022,12
Shanghai,2022-12-18,China,149,312,51,17,0.58,14,297,Poor,2022,12
New York,2022-12-19,USA,56,80,80,34,0.26,69,96,Satisfactory,2022,12
Los Angeles,2022-12-20,USA,10,399,41,5,0.75,82,388,Very Poor,2022,12
Dubai,2022-12-21,UAE,99,217,53,5,1.38,10,236,Poor,2022,12
Shanghai,2022-12-22,China,151,314,48,40,1.89,45,300,Poor,2022,12
Dubai,2022-12-23,UAE,47,338,60,41,1.77,44,356,Very Poor,2022,12
Dubai,2022-12-24,UAE,148,321,32,18,1.58,75,338,Very Poor,2022,12
Shanghai,2022-12-25,China,268,363,83,38,1.62,72,363,Very Poor,2022,12
Delhi,2022-12-26,India,170,30,10,40,1.4,113,169,Moderate,2022,12
London,2022-12-27,UK,187,81,65,30,0.67,32,169,Moderate,2022,12
Dubai,2022-12-28,UAE,19,352,24,37,1.83,18,353,Very Poor,2022,12
Shanghai,2022-12-29,China,270,245,82,39,1.41,43,253,Poor,2022,12
Shanghai,2022-12-30,China,147,172,6,40,1.21,55,179,Moderate,2022,12
Mumbai,2022-12-31,India,181,218,77,38,0.4,87,209,Poor,2022,12
Delhi,2023-01-01,India,22,71,41,36,1.0,13,88,Satisfactory,2023,1
Tokyo,2023-01-02,Japan,177,279,24,8,1.03,39,294,Poor,2023,1
Mumbai,2023-01-03,India,139,78,30,28,1.76,104,123,Moderate,2023,1
Mumbai,2023-01-04,India,93,91,33,29,1.18,111,85,Satisfactory,2023,1
Paris,2023-01-05,France,110,167,5,23,0.88,84,169,Moderate,2023,1
London,2023-01-06,UK,282,368,39,15,1.96,108,377,Very Poor,2023,1
Shanghai,2023-01-07,China,274,82,74,8,0.4,81,290,Poor,2023,1
London,2023-01-08,UK,47,329,63,38,0.96,12,333,Very Poor,2023,1
New York,2023-01-09,USA,103,392,73,23,0.28,23,398,Very Poor,2023,1
Paris,2023-01-10,France,104,262,37,6,1.53,69,255,Poor,2023,1
Tokyo,2023-01-11,Japan,78,385,55,3,1.85,86,400,Very Poor,2023,1
London,2023-01-12,UK,245,349,82,28,0.7,54,367,Very Poor,2023,1
Beijing,2023-01-13,China,146,126,16,22,1.75,105,141,Moderate,2023,1
Dubai,2023-01-14,UAE,85,245,24,39,0.73,43,246,Poor,2023,1
New York,2023-01-15,USA,44,332,57,16,1.84,54,332,Very Poor,2023,1
Delhi,2023-01-16,India,10,237,92,22,1.56,70,237,Poor,2023,1
Tokyo,2023-01-17,Japan,69,260,47,11,1.65,92,247,Poor,2023,1
New York,2023-01-18,USA,276,278,93,24,0.23,111,273,Poor,2023,1
Dubai,2023-01-19,UAE,238,395,54,40,1.93,25,405,Severe,2023,1
Paris,2023-01-20,France,279,281,33,6,1.51,75,270,Poor,2023,1
Dubai,2023-01-21,UAE,295,24,61,2,0.75,49,306,Very Poor,2023,1
Mumbai,2023-01-22,India,222,280,43,14,1.69,26,293,Poor,2023,1
Dubai,2023-01-23,UAE,174,73,99,22,0.71,43,162,Moderate,2023,1
Mumbai,2023-01-24,India,14,66,60,27,1.77,115,62,Satisfactory,2023,1
Paris,2023-01-25,France,87,234,47,46,0.4,25,224,Poor,2023,1
Los Angeles,2023-01-26,USA,71,196,54,22,1.47,111,207,Poor,2023,1
Mumbai,2023-01-27,India,141,28,27,19,1.17,69,130,Moderate,2023,1
Delhi,2023-01-28,India,98,118,48,38,0.37,75,119,Moderate,2023,1
Dubai,2023-01-29,UAE,246,39,42,46,0.64,75,242,Poor,2023,1
Dubai,2023-01-30,UAE,51,397,88,33,0.22,99,380,Very Poor,2023,1
Delhi,2023-01-31,India,98,260,27,37,1.04,22,264,Poor,2023,1
Beijing,2023-02-01,China,113,80,49,18,0.74,65,113,Moderate,2023,2
Shanghai,2023-02-02,China,23,398,56,36,1.28,40,414,Severe,2023,2
Los Angeles,2023-02-03,USA,297,197,84,12,0.74,43,314,Very Poor,2023,2
Tokyo,2023-02-04,Japan,188,357,54,22,0.74,48,337,Very Poor,2023,2
Mumbai,2023-02-05,India,134,81,12,27,1.54,76,138,Moderate,2023,2
Delhi,2023-02-06,India,32,164,89,5,0.29,17,179,Moderate,2023,2
Paris,2023-02-07,France,72,235,5,35,1.83,96,231,Poor,2023,2
Mumbai,2023-02-08,India,152,22,12,49,1.73,87,155,Moderate,2023,2
Shanghai,2023-02-09,China,162,179,33,19,1.4,64,160,Moderate,2023,2
Paris,2023-02-10,France,154,246,9,41,1.27,36,265,Poor,2023,2
New York,2023-02-11,USA,234,288,90,36,1.81,102,282,Poor,2023,2
Dubai,2023-02-12,UAE,113,139,51,42,0.53,112,150,Moderate,2023,2
New York,2023-02-13,USA,113,108,38,30,0.34,62,131,Moderate,2023,2
Mumbai,2023-02-14,India,48,348,69,30,0.63,48,333,Very Poor,2023,2
Shanghai,2023-02-15,China,207,87,59,39,1.63,74,187,Moderate,2023,2
Los Angeles,2023-02-16,USA,143,376,94,43,0.26,26,378,Very Poor,2023,2
Mumbai,2023-02-17,India,76,117,47,22,1.25,114,135,Moderate,2023,2
Delhi,2023-02-18,India,188,286,78,43,1.99,39,282,Poor,2023,2
London,2023-02-19,UK,51,124,34,14,1.74,62,137,Moderate,2023,2
Mumbai,2023-02-20,India,24,342,86,42,1.14,22,350,Very Poor,2023,2
Dubai,2023-02-21,UAE,120,142,21,18,0.31,30,130,Moderate,2023,2
Dubai,2023-02-22,UAE,166,48,30,10,1.7,28,158,Moderate,2023,2
Mumbai,2023-02-23,India,298,156,12,42,1.28,62,283,Poor,2023,2
Paris,2023-02-24,France,240,214,51,2,0.41,28,225,Poor,2023,2
London,2023-02-25,UK,166,245,80,3,0.37,66,244,Poor,2023,2
Delhi,2023-02-26,India,47,351,95,49,1.84,34,333,Very Poor,2023,2
Mumbai,2023-02-27,India,106,189,76,30,1.4,95,185,Moderate,2023,2
Paris,2023-02-28,France,298,28,93,34,1.69,40,289,Poor,2023,2
Dubai,2023-03-01,UAE,263,59,50,11,1.78,90,243,Poor,2023,3
Dubai,2023-03-02,UAE,205,44,72,41,1.23,64,201,Poor,2023,3
Shanghai,2023-03-03,China,95,280,37,22,1.13,32,262,Poor,2023,3
Mumbai,2023-03-04,India,19,245,5,29,0.97,41,250,Poor,2023,3
London,2023-03-05,UK,14,143,23,12,0.77,71,137,Moderate,2023,3
Beijing,2023-03-06,China,132,57,35,35,0.98,83,147,Moderate,2023,3
London,2023-03-07,UK,127,347,84,9,1.59,19,358,Very Poor,2023,3
Dubai,2023-03-08,UAE,168,270,18,23,1.28,109,281,Poor,2023,3
Dubai,2023-03-09,UAE,237,195,57,9,1.81,81,220,Poor,2023,3
New York,2023-03-10,USA,225,109,52,16,1.0,63,222,Poor,2023,3
Dubai,2023-03-11,UAE,193,56,73,18,1.29,61,191,Moderate,2023,3
Delhi,2023-03-12,India,24,335,94,24,1.34,29,349,Very Poor,2023,3
Tokyo,2023-03-13,Japan,166,195,66,25,1.27,41,214,Poor,2023,3
Mumbai,2023-03-14,India,145,303,96,46,1.46,23,296,Poor,2023,3
London,2023-03-15,UK,270,100,70,20,0.63,59,282,Poor,2023,3
Tokyo,2023-03-16,Japan,166,133,68,6,1.12,37,159,Moderate,2023,3
Paris,2023-03-17,France,56,59,74,33,0.39,119,72,Satisfactory,2023,3
Beijing,2023-03-18,China,182,320,67,45,0.89,62,303,Very Poor,2023,3
Delhi,2023-03-19,India,139,243,77,2,1.08,33,246,Poor,2023,3
London,2023-03-20,UK,104,337,37,24,1.37,88,345,Very Poor,2023,3
Tokyo,2023-03-21,Japan,124,368,45,38,1.91,31,366,Very Poor,2023,3
Beijing,2023-03-22,China,252,134,93,9,1.28,39,237,Poor,2023,3
New York,2023-03-23,USA,291,205,52,14,1.54,72,303,Very Poor,2023,3
Delhi,2023-03-24,India,292,342,17,9,1.11,13,361,Very Poor,2023,3
Delhi,2023-03-25,India,78,75,77,24,1.34,86,76,Satisfactory,2023,3
New York,2023-03-26,USA,157,59,81,44,0.33,68,137,Moderate,2023,3
Mumbai,2023-03-27,India,20,373,35,2,0.66,96,357,Very Poor,2023,3
New York,2023-03-28,USA,263,59,79,46,0.85,17,269,Poor,2023,3
Delhi,2023-03-29,India,47,366,72,25,1.05,91,361,Very Poor,2023,3
Delhi,2023-03-30,India,143,256,8,36,0.28,21,241,Poor,2023,3
Tokyo,2023-03-31,Japan,209,308,23,25,0.45,40,327,Very Poor,2023,3
Dubai,2023-04-01,UAE,32,281,74,18,0.7,87,273,Poor,2023,4
Beijing,2023-04-02,China,227,235,86,6,1.95,43,249,Poor,2023,4
New York,2023-04-03,USA,150,166,17,21,0.8,91,164,Moderate,2023,4
Beijing,2023-04-04,China,113,355,27,22,1.07,107,346,Very Poor,2023,4
New York,2023-04-05,USA,219,187,87,41,0.55,84,214,Poor,2023,4
Paris,2023-04-06,France,120,111,79,32,1.3,114,109,Moderate,2023,4
Delhi,2023-04-07,India,113,372,5,47,0.71,85,376,Very Poor,2023,4
Dubai,2023-04-08,UAE,180,78,92,37,0.57,58,179,Moderate,2023,4
Tokyo,2023-04-09,Japan,142,78,58,12,1.13,88,152,Moderate,2023,4
Dubai,2023-04-10,UAE,136,323,75,16,0.21,66,306,Very Poor,2023,4
Dubai,2023-04-11,UAE,115,188,93,20,0.21,104,190,Moderate,2023,4
Dubai,2023-04-12,UAE,101,288,89,8,0.59,102,269,Poor,2023,4
Beijing,2023-04-13,China,296,382,19,29,0.27,35,383,Very Poor,2023,4
New York,2023-04-14,USA,60,64,69,44,0.39,27,80,Satisfactory,2023,4
Los Angeles,2023-04-15,USA,38,364,80,6,0.81,105,351,Very Poor,2023,4
Paris,2023-04-16,France,223,200,75,6,1.64,95,209,Poor,2023,4
London,2023-04-17,UK,276,189,19,31,1.23,47,269,Poor,2023,4
Dubai,2023-04-18,UAE,266,375,25,33,1.12,90,357,Very Poor,2023,4
Mumbai,2023-04-19,India,110,210,23,9,0.73,96,205,Poor,2023,4
Beijing,2023-04-20,China,119,174,64,11,1.88,97,172,Moderate,2023,4
Tokyo,2023-04-21,Japan,191,207,97,39,0.91,59,204,Poor,2023,4
London,2023-04-22,UK,10,26,93,48,0.36,17,21,Good,2023,4
Los Angeles,2023-04-23,USA,64,152,37,33,1.31,50,139,Moderate,2023,4
Mumbai,2023-04-24,India,158,254,53,49,0.4,15,266,Poor,2023,4
Los Angeles,2023-04-25,USA,146,64,39,29,0.82,78,137,Moderate,2023,4
London,2023-04-26,UK,211,333,48,18,1.11,53,323,Very Poor,2023,4
Dubai,2023-04-27,UAE,126,268,94,32,1.77,73,252,Poor,2023,4
Mumbai,2023-04-28,India,163,50,15,9,1.09,38,169,Moderate,2023,4
Los Angeles,2023-04-29,USA,72,42,76,41,1.46,37,63,Satisfactory,2023,4
Tokyo,2023-04-30,Japan,253,179,82,26,1.99,20,249,Poor,2023,4
New York,2023-05-01,USA,34,382,78,10,0.44,74,367,Very Poor,2023,5
Delhi,2023-05-02,India,99,177,70,3,0.69,116,189,Moderate,2023,5
New York,2023-05-03,USA,84,58,50,16,0.91,28,68,Satisfactory,2023,5
London,2023-05-04,UK,219,101,13,4,0.96,18,226,Poor,2023,5
Beijing,2023-05-05,China,26,375,7,37,0.94,36,368,Very Poor,2023,5
Delhi,2023-05-06,India,137,277,89,5,1.83,43,261,Poor,2023,5
Paris,2023-05-07,France,260,225,30,15,1.49,53,272,Poor,2023,5
Tokyo,2023-05-08,Japan,188,96,76,42,1.29,77,186,Moderate,2023,5
Paris,2023-05-09,France,191,31,52,42,0.76,109,192,Moderate,2023,5
Mumbai,2023-05-10,India,161,314,70,26,1.68,91,298,Poor,2023,5
Delhi,2023-05-11,India,34,243,74,11,1.92,24,224,Poor,2023,5
Paris,2023-05-12,France,189,32,32,22,1.68,60,198,Moderate,2023,5
Paris,2023-05-13,France,207,65,97,37,0.2,22,225,Poor,2023,5
Los Angeles,2023-05-14,USA,170,174,30,13,1.35,92,157,Moderate,2023,5
New York,2023-05-15,USA,186,132,29,28,0.29,58,198,Moderate,2023,5
